protein_id,position,residue,predicted_ss
1OCY_A,1,R,E
1OCY_A,2,V,E
1OCY_A,3,V,E
1OCY_A,4,T,E
1OCY_A,5,Q,C
1OCY_A,6,N,C
1OCY_A,7,E,C
1OCY_A,8,I,C
1OCY_A,9,D,C
1OCY_A,10,R,C
1OCY_A,11,T,C
1OCY_A,12,I,C
1OCY_A,13,P,C
1OCY_A,14,V,C
1OCY_A,15,G,C
1OCY_A,16,A,C
1OCY_A,17,I,E
1OCY_A,18,M,E
1OCY_A,19,M,E
1OCY_A,20,W,E
1OCY_A,21,A,C
1OCY_A,22,A,C
1OCY_A,23,D,C
1OCY_A,24,S,C
1OCY_A,25,L,C
1OCY_A,26,P,C
1OCY_A,27,S,C
1OCY_A,28,D,C
1OCY_A,29,A,C
1OCY_A,30,W,C
1OCY_A,31,R,C
1OCY_A,32,F,C
1OCY_A,33,C,C
1OCY_A,34,H,C
1OCY_A,35,G,C
1OCY_A,36,G,C
1OCY_A,37,T,C
1OCY_A,38,V,C
1OCY_A,39,S,C
1OCY_A,40,A,C
1OCY_A,41,S,C
1OCY_A,42,D,C
1OCY_A,43,C,C
1OCY_A,44,P,C
1OCY_A,45,L,H
1OCY_A,46,Y,H
1OCY_A,47,A,H
1OCY_A,48,S,H
1OCY_A,49,R,H
1OCY_A,50,I,H
1OCY_A,51,G,H
1OCY_A,52,T,E
1OCY_A,53,R,E
1OCY_A,54,Y,E
1OCY_A,55,G,C
1OCY_A,56,G,C
1OCY_A,57,S,C
1OCY_A,58,S,C
1OCY_A,59,S,C
1OCY_A,60,N,C
1OCY_A,61,P,C
1OCY_A,62,G,C
1OCY_A,63,L,C
1OCY_A,64,P,C
1OCY_A,65,D,C
1OCY_A,66,M,C
1OCY_A,67,R,C
1OCY_A,68,G,C
1OCY_A,69,L,C
1OCY_A,70,F,C
1OCY_A,71,V,C
1OCY_A,72,R,C
1OCY_A,73,G,C
1OCY_A,74,S,C
1OCY_A,75,G,C
1OCY_A,76,R,C
1OCY_A,77,G,C
1OCY_A,78,S,C
1OCY_A,79,H,C
1OCY_A,80,L,C
1OCY_A,81,T,C
1OCY_A,82,N,C
1OCY_A,83,P,C
1OCY_A,84,N,C
1OCY_A,85,V,C
1OCY_A,86,N,C
1OCY_A,87,G,C
1OCY_A,88,N,C
1OCY_A,89,D,C
1OCY_A,90,Q,C
1OCY_A,91,F,C
1OCY_A,92,G,C
1OCY_A,93,K,C
1OCY_A,94,P,C
1OCY_A,95,R,C
1OCY_A,96,L,C
1OCY_A,97,G,C
1OCY_A,98,V,C
1OCY_A,99,G,C
1OCY_A,100,C,C
1OCY_A,101,T,C
1OCY_A,102,G,C
1OCY_A,103,G,C
1OCY_A,104,Y,C
1OCY_A,105,V,C
1OCY_A,106,G,C
1OCY_A,107,E,H
1OCY_A,108,V,H
1OCY_A,109,Q,H
1OCY_A,110,K,H
1OCY_A,111,Q,H
1OCY_A,112,Q,H
1OCY_A,113,M,H
1OCY_A,114,S,H
1OCY_A,115,Y,H
1OCY_A,116,H,H
1OCY_A,117,K,H
1OCY_A,118,H,H
1OCY_A,119,A,H
1OCY_A,120,G,C
1OCY_A,121,G,C
1OCY_A,122,F,C
1OCY_A,123,G,C
1OCY_A,124,E,C
1OCY_A,125,Y,C
1OCY_A,126,D,C
1OCY_A,127,D,C
1OCY_A,128,S,C
1OCY_A,129,G,C
1OCY_A,130,A,C
1OCY_A,131,F,C
1OCY_A,132,G,C
1OCY_A,133,N,C
1OCY_A,134,T,C
1OCY_A,135,R,C
1OCY_A,136,R,C
1OCY_A,137,S,C
1OCY_A,138,N,C
1OCY_A,139,F,C
1OCY_A,140,V,C
1OCY_A,141,G,C
1OCY_A,142,T,C
1OCY_A,143,R,C
1OCY_A,144,K,C
1OCY_A,145,G,C
1OCY_A,146,L,C
1OCY_A,147,D,C
1OCY_A,148,W,C
1OCY_A,149,D,C
1OCY_A,150,N,C
1OCY_A,151,R,E
1OCY_A,152,S,E
1OCY_A,153,Y,E
1OCY_A,154,F,E
1OCY_A,155,T,E
1OCY_A,156,N,C
1OCY_A,157,D,C
1OCY_A,158,G,C
1OCY_A,159,Y,C
1OCY_A,160,E,C
1OCY_A,161,I,C
1OCY_A,162,D,C
1OCY_A,163,P,C
1OCY_A,164,A,C
1OCY_A,165,S,C
1OCY_A,166,Q,C
1OCY_A,167,R,C
1OCY_A,168,N,C
1OCY_A,169,S,C
1OCY_A,170,R,C
1OCY_A,171,Y,C
1OCY_A,172,T,C
1OCY_A,173,L,C
1OCY_A,174,N,C
1OCY_A,175,R,C
1OCY_A,176,P,C
1OCY_A,177,E,C
1OCY_A,178,L,C
1OCY_A,179,I,C
1OCY_A,180,G,C
1OCY_A,181,N,C
1OCY_A,182,E,C
1OCY_A,183,T,C
1OCY_A,184,R,C
1OCY_A,185,P,C
1OCY_A,186,W,C
1OCY_A,187,N,C
1OCY_A,188,I,H
1OCY_A,189,S,H
1OCY_A,190,L,H
1OCY_A,191,N,H
1OCY_A,192,Y,H
1OCY_A,193,I,H
1OCY_A,194,I,H
1OCY_A,195,K,H
1OCY_A,196,V,H
1OCY_A,197,K,H
1OCY_A,198,E,H
1RKQ_B,1,M,C
1RKQ_B,2,S,C
1RKQ_B,3,L,C
1RKQ_B,4,A,C
1RKQ_B,5,I,C
1RKQ_B,6,K,C
1RKQ_B,7,L,C
1RKQ_B,8,I,C
1RKQ_B,9,A,C
1RKQ_B,10,I,C
1RKQ_B,11,D,C
1RKQ_B,12,M,C
1RKQ_B,13,D,C
1RKQ_B,14,G,C
1RKQ_B,15,T,C
1RKQ_B,16,L,C
1RKQ_B,17,L,C
1RKQ_B,18,L,C
1RKQ_B,19,P,C
1RKQ_B,20,D,C
1RKQ_B,21,H,C
1RKQ_B,22,T,C
1RKQ_B,23,I,C
1RKQ_B,24,S,C
1RKQ_B,25,P,H
1RKQ_B,26,A,H
1RKQ_B,27,V,H
1RKQ_B,28,K,H
1RKQ_B,29,N,H
1RKQ_B,30,A,H
1RKQ_B,31,I,H
1RKQ_B,32,A,H
1RKQ_B,33,A,H
1RKQ_B,34,A,H
1RKQ_B,35,R,H
1RKQ_B,36,A,H
1RKQ_B,37,R,H
1RKQ_B,38,G,H
1RKQ_B,39,V,H
1RKQ_B,40,N,H
1RKQ_B,41,V,E
1RKQ_B,42,V,E
1RKQ_B,43,L,E
1RKQ_B,44,T,E
1RKQ_B,45,T,C
1RKQ_B,46,G,C
1RKQ_B,47,R,C
1RKQ_B,48,P,C
1RKQ_B,49,Y,C
1RKQ_B,50,A,C
1RKQ_B,51,G,C
1RKQ_B,52,V,H
1RKQ_B,53,H,H
1RKQ_B,54,N,H
1RKQ_B,55,Y,H
1RKQ_B,56,L,H
1RKQ_B,57,K,H
1RKQ_B,58,E,H
1RKQ_B,59,L,H
1RKQ_B,60,H,H
1RKQ_B,61,M,H
1RKQ_B,62,E,H
1RKQ_B,63,Q,H
1RKQ_B,64,P,H
1RKQ_B,65,G,H
1RKQ_B,66,D,H
1RKQ_B,67,Y,H
1RKQ_B,68,C,H
1RKQ_B,69,I,H
1RKQ_B,70,T,H
1RKQ_B,71,Y,H
1RKQ_B,72,N,H
1RKQ_B,73,G,H
1RKQ_B,74,A,H
1RKQ_B,75,L,H
1RKQ_B,76,V,H
1RKQ_B,77,Q,H
1RKQ_B,78,K,H
1RKQ_B,79,A,H
1RKQ_B,80,A,H
1RKQ_B,81,D,H
1RKQ_B,82,G,H
1RKQ_B,83,S,H
1RKQ_B,84,T,H
1RKQ_B,85,V,H
1RKQ_B,86,A,H
1RKQ_B,87,Q,H
1RKQ_B,88,T,H
1RKQ_B,89,A,C
1RKQ_B,90,L,C
1RKQ_B,91,S,C
1RKQ_B,92,Y,H
1RKQ_B,93,D,H
1RKQ_B,94,D,H
1RKQ_B,95,Y,H
1RKQ_B,96,R,H
1RKQ_B,97,F,H
1RKQ_B,98,L,H
1RKQ_B,99,E,H
1RKQ_B,100,K,H
1RKQ_B,101,L,H
1RKQ_B,102,S,H
1RKQ_B,103,R,H
1RKQ_B,104,E,H
1RKQ_B,105,V,H
1RKQ_B,106,G,H
1RKQ_B,107,S,H
1RKQ_B,108,H,H
1RKQ_B,109,F,H
1RKQ_B,110,H,H
1RKQ_B,111,A,H
1RKQ_B,112,L,H
1RKQ_B,113,D,H
1RKQ_B,114,R,H
1RKQ_B,115,T,C
1RKQ_B,116,T,C
1RKQ_B,117,L,C
1RKQ_B,118,Y,C
1RKQ_B,119,T,C
1RKQ_B,120,A,C
1RKQ_B,121,N,C
1RKQ_B,122,R,C
1RKQ_B,123,D,C
1RKQ_B,124,I,C
1RKQ_B,125,S,C
1RKQ_B,126,Y,C
1RKQ_B,127,Y,C
1RKQ_B,128,T,C
1RKQ_B,129,V,C
1RKQ_B,130,H,C
1RKQ_B,131,E,C
1RKQ_B,132,S,E
1RKQ_B,133,F,E
1RKQ_B,134,V,E
1RKQ_B,135,A,E
1RKQ_B,136,T,E
1RKQ_B,137,I,E
1RKQ_B,138,P,C
1RKQ_B,139,L,C
1RKQ_B,140,V,C
1RKQ_B,141,F,C
1RKQ_B,142,C,C
1RKQ_B,143,E,C
1RKQ_B,144,A,C
1RKQ_B,145,E,C
1RKQ_B,146,K,C
1RKQ_B,147,M,C
1RKQ_B,148,D,C
1RKQ_B,149,P,C
1RKQ_B,150,N,C
1RKQ_B,151,T,C
1RKQ_B,152,Q,C
1RKQ_B,153,F,C
1RKQ_B,154,L,C
1RKQ_B,155,K,C
1RKQ_B,156,V,C
1RKQ_B,157,M,C
1RKQ_B,158,M,C
1RKQ_B,159,I,C
1RKQ_B,160,D,C
1RKQ_B,161,E,H
1RKQ_B,162,P,H
1RKQ_B,163,A,H
1RKQ_B,164,I,H
1RKQ_B,165,L,H
1RKQ_B,166,D,H
1RKQ_B,167,Q,H
1RKQ_B,168,A,H
1RKQ_B,169,I,H
1RKQ_B,170,A,H
1RKQ_B,171,R,H
1RKQ_B,172,I,H
1RKQ_B,173,P,H
1RKQ_B,174,Q,H
1RKQ_B,175,E,H
1RKQ_B,176,V,H
1RKQ_B,177,K,H
1RKQ_B,178,E,H
1RKQ_B,179,K,H
1RKQ_B,180,Y,H
1RKQ_B,181,T,H
1RKQ_B,182,V,H
1RKQ_B,183,L,C
1RKQ_B,184,K,C
1RKQ_B,185,S,C
1RKQ_B,186,A,C
1RKQ_B,187,P,C
1RKQ_B,188,Y,C
1RKQ_B,189,F,H
1RKQ_B,190,L,H
1RKQ_B,191,E,H
1RKQ_B,192,I,H
1RKQ_B,193,L,H
1RKQ_B,194,D,H
1RKQ_B,195,K,H
1RKQ_B,196,R,H
1RKQ_B,197,V,C
1RKQ_B,198,N,C
1RKQ_B,199,K,C
1RKQ_B,200,G,C
1RKQ_B,201,T,H
1RKQ_B,202,G,H
1RKQ_B,203,V,H
1RKQ_B,204,K,H
1RKQ_B,205,S,H
1RKQ_B,206,L,H
1RKQ_B,207,A,H
1RKQ_B,208,D,H
1RKQ_B,209,V,H
1RKQ_B,210,L,H
1RKQ_B,211,G,H
1RKQ_B,212,I,H
1RKQ_B,213,K,H
1RKQ_B,214,P,H
1RKQ_B,215,E,H
1RKQ_B,216,E,H
1RKQ_B,217,I,H
1RKQ_B,218,M,H
1RKQ_B,219,A,H
1RKQ_B,220,I,C
1RKQ_B,221,G,C
1RKQ_B,222,D,C
1RKQ_B,223,Q,C
1RKQ_B,224,E,C
1RKQ_B,225,N,C
1RKQ_B,226,D,H
1RKQ_B,227,I,H
1RKQ_B,228,A,H
1RKQ_B,229,M,H
1RKQ_B,230,I,H
1RKQ_B,231,E,H
1RKQ_B,232,Y,H
1RKQ_B,233,A,H
1RKQ_B,234,G,C
1RKQ_B,235,V,C
1RKQ_B,236,G,C
1RKQ_B,237,V,C
1RKQ_B,238,A,C
1RKQ_B,239,V,C
1RKQ_B,240,D,C
1RKQ_B,241,N,C
1RKQ_B,242,A,C
1RKQ_B,243,I,C
1RKQ_B,244,P,H
1RKQ_B,245,S,H
1RKQ_B,246,V,H
1RKQ_B,247,K,H
1RKQ_B,248,E,H
1RKQ_B,249,V,H
1RKQ_B,250,A,H
1RKQ_B,251,N,C
1RKQ_B,252,F,C
1RKQ_B,253,V,C
1RKQ_B,254,T,C
1RKQ_B,255,K,C
1RKQ_B,256,S,C
1RKQ_B,257,N,C
1RKQ_B,258,L,C
1RKQ_B,259,E,H
1RKQ_B,260,D,H
1RKQ_B,261,G,H
1RKQ_B,262,V,H
1RKQ_B,263,A,H
1RKQ_B,264,F,H
1RKQ_B,265,A,H
1RKQ_B,266,I,H
1RKQ_B,267,E,H
1RKQ_B,268,K,H
1RKQ_B,269,Y,H
1RKQ_B,270,V,H
1RKQ_B,271,L,H
1RKQ_B,272,N,H
1RKQ_B,273,E,C
1RKQ_B,274,G,C
1RKQ_B,275,G,C
1RKQ_B,276,S,C
1RKQ_B,277,H,C
1RKQ_B,278,H,C
1RKQ_B,279,H,C
1RKQ_B,280,H,C
1RKQ_B,281,H,C
1RKQ_B,282,H,C
2OOK_A,1,G,C
2OOK_A,2,M,C
2OOK_A,3,D,C
2OOK_A,4,M,C
2OOK_A,5,K,C
2OOK_A,6,K,C
2OOK_A,7,H,C
2OOK_A,8,G,C
2OOK_A,9,L,C
2OOK_A,10,S,C
2OOK_A,11,I,C
2OOK_A,12,G,C
2OOK_A,13,I,C
2OOK_A,14,N,C
2OOK_A,15,R,C
2OOK_A,16,I,C
2OOK_A,17,E,C
2OOK_A,18,S,C
2OOK_A,19,V,C
2OOK_A,20,F,C
2OOK_A,21,F,C
2OOK_A,22,V,C
2OOK_A,23,T,C
2OOK_A,24,L,C
2OOK_A,25,K,C
2OOK_A,26,A,C
2OOK_A,27,I,C
2OOK_A,28,G,C
2OOK_A,29,T,C
2OOK_A,30,L,C
2OOK_A,31,T,C
2OOK_A,32,H,C
2OOK_A,33,E,C
2OOK_A,34,D,C
2OOK_A,35,Y,C
2OOK_A,36,L,H
2OOK_A,37,V,H
2OOK_A,38,I,H
2OOK_A,39,T,H
2OOK_A,40,P,H
2OOK_A,41,M,H
2OOK_A,42,L,H
2OOK_A,43,E,H
2OOK_A,44,G,H
2OOK_A,45,A,H
2OOK_A,46,L,H
2OOK_A,47,S,H
2OOK_A,48,Q,C
2OOK_A,49,V,C
2OOK_A,50,D,C
2OOK_A,51,Q,C
2OOK_A,52,P,H
2OOK_A,53,K,H
2OOK_A,54,V,H
2OOK_A,55,S,H
2OOK_A,56,L,H
2OOK_A,57,F,H
2OOK_A,58,L,H
2OOK_A,59,D,H
2OOK_A,60,A,H
2OOK_A,61,T,H
2OOK_A,62,E,H
2OOK_A,63,L,H
2OOK_A,64,D,H
2OOK_A,65,G,H
2OOK_A,66,W,H
2OOK_A,67,D,H
2OOK_A,68,L,H
2OOK_A,69,R,H
2OOK_A,70,A,H
2OOK_A,71,A,H
2OOK_A,72,W,H
2OOK_A,73,D,H
2OOK_A,74,D,H
2OOK_A,75,L,H
2OOK_A,76,K,H
2OOK_A,77,L,H
2OOK_A,78,G,H
2OOK_A,79,L,H
2OOK_A,80,K,H
2OOK_A,81,H,H
2OOK_A,82,K,H
2OOK_A,83,S,H
2OOK_A,84,E,H
2OOK_A,85,F,H
2OOK_A,86,E,H
2OOK_A,87,R,H
2OOK_A,88,V,H
2OOK_A,89,A,H
2OOK_A,90,I,H
2OOK_A,91,L,H
2OOK_A,92,G,H
2OOK_A,93,N,H
2OOK_A,94,K,H
2OOK_A,95,D,H
2OOK_A,96,W,H
2OOK_A,97,Q,H
2OOK_A,98,E,H
2OOK_A,99,W,H
2OOK_A,100,A,H
2OOK_A,101,A,H
2OOK_A,102,K,H
2OOK_A,103,I,H
2OOK_A,104,G,H
2OOK_A,105,S,H
2OOK_A,106,W,H
2OOK_A,107,F,H
2OOK_A,108,I,H
2OOK_A,109,A,H
2OOK_A,110,G,H
2OOK_A,111,E,H
2OOK_A,112,I,H
2OOK_A,113,K,H
2OOK_A,114,Y,H
2OOK_A,115,F,H
2OOK_A,116,E,H
2OOK_A,117,D,H
2OOK_A,118,E,H
2OOK_A,119,D,H
2OOK_A,120,D,H
2OOK_A,121,A,H
2OOK_A,122,L,H
2OOK_A,123,K,H
2OOK_A,124,W,H
2OOK_A,125,L,H
2OOK_A,126,R,H
2OOK_A,127,Y,H
2RG8_A,1,G,C
2RG8_A,2,L,C
2RG8_A,3,P,C
2RG8_A,4,L,C
2RG8_A,5,D,H
2RG8_A,6,E,H
2RG8_A,7,R,H
2RG8_A,8,A,H
2RG8_A,9,F,H
2RG8_A,10,E,H
2RG8_A,11,K,H
2RG8_A,12,T,H
2RG8_A,13,L,H
2RG8_A,14,T,H
2RG8_A,15,P,H
2RG8_A,16,I,H
2RG8_A,17,I,H
2RG8_A,18,Q,H
2RG8_A,19,E,C
2RG8_A,20,Y,C
2RG8_A,21,F,C
2RG8_A,22,E,C
2RG8_A,23,H,C
2RG8_A,24,G,C
2RG8_A,25,D,C
2RG8_A,26,T,H
2RG8_A,27,N,H
2RG8_A,28,E,H
2RG8_A,29,V,H
2RG8_A,30,A,H
2RG8_A,31,E,H
2RG8_A,32,M,H
2RG8_A,33,L,H
2RG8_A,34,R,H
2RG8_A,35,D,H
2RG8_A,36,L,H
2RG8_A,37,N,H
2RG8_A,38,L,H
2RG8_A,39,G,C
2RG8_A,40,E,C
2RG8_A,41,M,C
2RG8_A,42,K,C
2RG8_A,43,S,C
2RG8_A,44,G,C
2RG8_A,45,V,H
2RG8_A,46,P,H
2RG8_A,47,V,H
2RG8_A,48,L,H
2RG8_A,49,A,H
2RG8_A,50,V,H
2RG8_A,51,S,H
2RG8_A,52,L,H
2RG8_A,53,A,H
2RG8_A,54,L,H
2RG8_A,55,E,H
2RG8_A,56,G,H
2RG8_A,57,K,H
2RG8_A,58,A,H
2RG8_A,59,S,H
2RG8_A,60,H,H
2RG8_A,61,R,H
2RG8_A,62,E,H
2RG8_A,63,M,H
2RG8_A,64,T,H
2RG8_A,65,S,H
2RG8_A,66,K,H
2RG8_A,67,L,H
2RG8_A,68,L,H
2RG8_A,69,S,H
2RG8_A,70,D,H
2RG8_A,71,L,H
2RG8_A,72,C,H
2RG8_A,73,G,H
2RG8_A,74,T,H
2RG8_A,75,V,H
2RG8_A,76,M,C
2RG8_A,77,S,C
2RG8_A,78,T,C
2RG8_A,79,T,C
2RG8_A,80,D,C
2RG8_A,81,V,H
2RG8_A,82,E,H
2RG8_A,83,K,H
2RG8_A,84,S,H
2RG8_A,85,F,H
2RG8_A,86,D,H
2RG8_A,87,K,H
2RG8_A,88,L,H
2RG8_A,89,L,H
2RG8_A,90,K,H
2RG8_A,91,D,H
2RG8_A,92,L,H
2RG8_A,93,P,H
2RG8_A,94,E,H
2RG8_A,95,L,C
2RG8_A,96,A,C
2RG8_A,97,L,C
2RG8_A,98,D,C
2RG8_A,99,T,C
2RG8_A,100,P,C
2RG8_A,101,R,C
2RG8_A,102,A,C
2RG8_A,103,P,C
2RG8_A,104,Q,H
2RG8_A,105,L,H
2RG8_A,106,V,H
2RG8_A,107,G,H
2RG8_A,108,Q,H
2RG8_A,109,F,H
2RG8_A,110,I,H
2RG8_A,111,A,H
2RG8_A,112,R,H
2RG8_A,113,A,H
2RG8_A,114,V,H
2RG8_A,115,G,C
2RG8_A,116,D,C
2RG8_A,117,G,C
2RG8_A,118,I,C
2RG8_A,119,L,C
2RG8_A,120,C,C
2RG8_A,121,N,C
2RG8_A,122,T,C
2RG8_A,123,Y,C
2RG8_A,124,I,C
2RG8_A,125,D,C
2RG8_A,126,S,C
2RG8_A,127,Y,C
2RG8_A,128,K,C
2RG8_A,129,G,C
2RG8_A,130,T,H
2RG8_A,131,V,H
2RG8_A,132,D,H
2RG8_A,133,C,H
2RG8_A,134,V,H
2RG8_A,135,Q,H
2RG8_A,136,A,H
2RG8_A,137,R,H
2RG8_A,138,A,H
2RG8_A,139,A,H
2RG8_A,140,L,H
2RG8_A,141,D,H
2RG8_A,142,K,H
2RG8_A,143,A,H
2RG8_A,144,T,H
2RG8_A,145,V,H
2RG8_A,146,L,H
2RG8_A,147,L,H
2RG8_A,148,S,H
2RG8_A,149,M,H
2RG8_A,150,S,C
2RG8_A,151,K,C
2RG8_A,152,G,C
2RG8_A,153,G,C
2RG8_A,154,K,C
2RG8_A,155,R,C
2RG8_A,156,K,C
2RG8_A,157,D,C
2RG8_A,158,S,H
2RG8_A,159,V,H
2RG8_A,160,W,H
2RG8_A,161,G,H
2RG8_A,162,S,C
2RG8_A,163,G,C
2RG8_A,164,G,C
2RG8_A,165,G,C
3BKX_B,1,G,H
3BKX_B,2,M,H
3BKX_B,3,E,H
3BKX_B,4,K,H
3BKX_B,5,R,H
3BKX_B,6,L,H
3BKX_B,7,D,H
3BKX_B,8,Y,H
3BKX_B,9,I,H
3BKX_B,10,T,H
3BKX_B,11,D,H
3BKX_B,12,L,H
3BKX_B,13,M,H
3BKX_B,14,A,H
3BKX_B,15,L,C
3BKX_B,16,G,C
3BKX_B,17,P,C
3BKX_B,18,T,C
3BKX_B,19,A,C
3BKX_B,20,N,C
3BKX_B,21,A,H
3BKX_B,22,R,H
3BKX_B,23,T,H
3BKX_B,24,I,H
3BKX_B,25,Q,H
3BKX_B,26,R,H
3BKX_B,27,R,H
3BKX_B,28,Q,H
3BKX_B,29,T,H
3BKX_B,30,A,H
3BKX_B,31,H,H
3BKX_B,32,R,H
3BKX_B,33,L,H
3BKX_B,34,A,H
3BKX_B,35,I,H
3BKX_B,36,A,H
3BKX_B,37,E,H
3BKX_B,38,A,H
3BKX_B,39,W,H
3BKX_B,40,Q,H
3BKX_B,41,V,H
3BKX_B,42,K,H
3BKX_B,43,P,H
3BKX_B,44,G,H
3BKX_B,45,E,H
3BKX_B,46,K,H
3BKX_B,47,I,H
3BKX_B,48,L,H
3BKX_B,49,E,H
3BKX_B,50,I,H
3BKX_B,51,G,H
3BKX_B,52,C,H
3BKX_B,53,G,C
3BKX_B,54,Q,C
3BKX_B,55,G,C
3BKX_B,56,D,C
3BKX_B,57,L,C
3BKX_B,58,S,C
3BKX_B,59,A,C
3BKX_B,60,V,C
3BKX_B,61,L,H
3BKX_B,62,A,H
3BKX_B,63,D,H
3BKX_B,64,Q,H
3BKX_B,65,V,H
3BKX_B,66,G,C
3BKX_B,67,S,C
3BKX_B,68,S,C
3BKX_B,69,G,C
3BKX_B,70,H,C
3BKX_B,71,V,C
3BKX_B,72,T,C
3BKX_B,73,G,C
3BKX_B,74,I,C
3BKX_B,75,D,C
3BKX_B,76,I,C
3BKX_B,77,A,C
3BKX_B,78,S,C
3BKX_B,79,P,C
3BKX_B,80,D,C
3BKX_B,81,Y,C
3BKX_B,82,G,C
3BKX_B,83,A,C
3BKX_B,84,P,C
3BKX_B,85,L,C
3BKX_B,86,T,C
3BKX_B,87,L,C
3BKX_B,88,G,H
3BKX_B,89,Q,H
3BKX_B,90,A,H
3BKX_B,91,W,H
3BKX_B,92,N,H
3BKX_B,93,H,H
3BKX_B,94,L,H
3BKX_B,95,L,H
3BKX_B,96,A,H
3BKX_B,97,G,C
3BKX_B,98,P,C
3BKX_B,99,L,C
3BKX_B,100,G,C
3BKX_B,101,D,H
3BKX_B,102,R,H
3BKX_B,103,L,H
3BKX_B,104,T,H
3BKX_B,105,V,H
3BKX_B,106,H,H
3BKX_B,107,F,H
3BKX_B,108,N,H
3BKX_B,109,T,H
3BKX_B,110,N,C
3BKX_B,111,L,C
3BKX_B,112,S,C
3BKX_B,113,D,C
3BKX_B,114,D,C
3BKX_B,115,L,C
3BKX_B,116,G,C
3BKX_B,117,P,C
3BKX_B,118,I,C
3BKX_B,119,A,C
3BKX_B,120,D,H
3BKX_B,121,Q,H
3BKX_B,122,H,H
3BKX_B,123,F,H
3BKX_B,124,D,H
3BKX_B,125,R,H
3BKX_B,126,V,H
3BKX_B,127,V,H
3BKX_B,128,L,H
3BKX_B,129,A,H
3BKX_B,130,H,H
3BKX_B,131,S,H
3BKX_B,132,L,H
3BKX_B,133,W,H
3BKX_B,134,Y,H
3BKX_B,135,F,H
3BKX_B,136,A,H
3BKX_B,137,S,H
3BKX_B,138,A,H
3BKX_B,139,N,H
3BKX_B,140,A,H
3BKX_B,141,L,H
3BKX_B,142,A,H
3BKX_B,143,L,H
3BKX_B,144,L,H
3BKX_B,145,F,H
3BKX_B,146,K,H
3BKX_B,147,N,H
3BKX_B,148,M,H
3BKX_B,149,A,H
3BKX_B,150,A,H
3BKX_B,151,V,H
3BKX_B,152,C,H
3BKX_B,153,D,H
3BKX_B,154,H,H
3BKX_B,155,V,H
3BKX_B,156,D,H
3BKX_B,157,V,H
3BKX_B,158,A,H
3BKX_B,159,E,H
3BKX_B,160,W,C
3BKX_B,161,S,C
3BKX_B,162,M,C
3BKX_B,163,Q,C
3BKX_B,164,P,C
3BKX_B,165,T,C
3BKX_B,166,A,C
3BKX_B,167,L,H
3BKX_B,168,D,H
3BKX_B,169,Q,H
3BKX_B,170,I,H
3BKX_B,171,G,H
3BKX_B,172,H,H
3BKX_B,173,L,H
3BKX_B,174,Q,H
3BKX_B,175,A,H
3BKX_B,176,A,H
3BKX_B,177,M,H
3BKX_B,178,I,H
3BKX_B,179,Q,H
3BKX_B,180,G,H
3BKX_B,181,L,H
3BKX_B,182,L,H
3BKX_B,183,Y,H
3BKX_B,184,A,H
3BKX_B,185,I,H
3BKX_B,186,A,C
3BKX_B,187,P,C
3BKX_B,188,S,C
3BKX_B,189,D,C
3BKX_B,190,V,C
3BKX_B,191,A,C
3BKX_B,192,N,C
3BKX_B,193,I,C
3BKX_B,194,R,C
3BKX_B,195,T,C
3BKX_B,196,L,C
3BKX_B,197,I,C
3BKX_B,198,T,C
3BKX_B,199,P,C
3BKX_B,200,D,H
3BKX_B,201,T,H
3BKX_B,202,L,H
3BKX_B,203,A,H
3BKX_B,204,Q,H
3BKX_B,205,I,H
3BKX_B,206,A,H
3BKX_B,207,H,H
3BKX_B,208,D,H
3BKX_B,209,N,H
3BKX_B,210,T,H
3BKX_B,211,W,H
3BKX_B,212,T,H
3BKX_B,213,Y,H
3BKX_B,214,T,C
3BKX_B,215,A,C
3BKX_B,216,G,C
3BKX_B,217,T,C
3BKX_B,218,I,C
3BKX_B,219,V,C
3BKX_B,220,E,C
3BKX_B,221,D,C
3BKX_B,222,P,C
3BKX_B,223,T,C
3BKX_B,224,L,C
3BKX_B,225,D,C
3BKX_B,226,D,C
3BKX_B,227,A,H
3BKX_B,228,H,H
3BKX_B,229,W,H
3BKX_B,230,E,H
3BKX_B,231,I,H
3BKX_B,232,A,H
3BKX_B,233,T,H
3BKX_B,234,T,H
3BKX_B,235,N,H
3BKX_B,236,A,H
3BKX_B,237,L,H
3BKX_B,238,L,H
3BKX_B,239,T,H
3BKX_B,240,E,H
3BKX_B,241,L,H
3BKX_B,242,K,H
3BKX_B,243,L,H
3BKX_B,244,S,H
3BKX_B,245,T,H
3BKX_B,246,D,H
3BKX_B,247,L,H
3BKX_B,248,R,H
3BKX_B,249,D,H
3BKX_B,250,R,H
3BKX_B,251,V,H
3BKX_B,252,K,H
3BKX_B,253,P,H
3BKX_B,254,L,H
3BKX_B,255,L,H
3BKX_B,256,E,H
3BKX_B,257,A,H
3BKX_B,258,M,H
3BKX_B,259,S,H
3BKX_B,260,H,C
3BKX_B,261,N,C
3BKX_B,262,G,C
3BKX_B,263,T,C
3BKX_B,264,A,C
3BKX_B,265,S,C
3BKX_B,266,L,C
3BKX_B,267,A,C
3BKX_B,268,T,C
3BKX_B,269,F,C
3BKX_B,270,T,C
3BKX_B,271,G,C
3BKX_B,272,R,C
3BKX_B,273,I,C
3BKX_B,274,T,C
3BKX_B,275,F,C
3SOY_A,1,S,C
3SOY_A,2,N,C
3SOY_A,3,A,C
3SOY_A,4,A,C
3SOY_A,5,T,C
3SOY_A,6,S,C
3SOY_A,7,T,H
3SOY_A,8,V,H
3SOY_A,9,K,H
3SOY_A,10,Q,H
3SOY_A,11,E,H
3SOY_A,12,I,H
3SOY_A,13,T,H
3SOY_A,14,E,H
3SOY_A,15,G,H
3SOY_A,16,I,H
3SOY_A,17,N,H
3SOY_A,18,R,H
3SOY_A,19,Y,H
3SOY_A,20,L,H
3SOY_A,21,Y,H
3SOY_A,22,S,H
3SOY_A,23,I,H
3SOY_A,24,D,H
3SOY_A,25,K,H
3SOY_A,26,A,H
3SOY_A,27,D,H
3SOY_A,28,P,H
3SOY_A,29,T,H
3SOY_A,30,L,H
3SOY_A,31,G,H
3SOY_A,32,K,H
3SOY_A,33,Q,H
3SOY_A,34,L,H
3SOY_A,35,F,H
3SOY_A,36,Y,H
3SOY_A,37,V,C
3SOY_A,38,S,C
3SOY_A,39,P,C
3SOY_A,40,E,C
3SOY_A,41,T,C
3SOY_A,42,S,C
3SOY_A,43,F,C
3SOY_A,44,I,C
3SOY_A,45,H,C
3SOY_A,46,P,C
3SOY_A,47,R,C
3SOY_A,48,G,C
3SOY_A,49,H,C
3SOY_A,50,E,C
3SOY_A,51,R,C
3SOY_A,52,G,C
3SOY_A,53,W,H
3SOY_A,54,S,H
3SOY_A,55,Q,H
3SOY_A,56,I,H
3SOY_A,57,A,H
3SOY_A,58,E,H
3SOY_A,59,N,H
3SOY_A,60,F,H
3SOY_A,61,Y,H
3SOY_A,62,G,H
3SOY_A,63,T,H
3SOY_A,64,T,C
3SOY_A,65,M,C
3SOY_A,66,G,C
3SOY_A,67,K,C
3SOY_A,68,T,C
3SOY_A,69,F,C
3SOY_A,70,S,C
3SOY_A,71,K,C
3SOY_A,72,R,C
3SOY_A,73,T,C
3SOY_A,74,L,C
3SOY_A,75,K,C
3SOY_A,76,L,C
3SOY_A,77,D,C
3SOY_A,78,A,C
3SOY_A,79,P,C
3SOY_A,80,P,H
3SOY_A,81,A,H
3SOY_A,82,I,H
3SOY_A,83,H,H
3SOY_A,84,V,H
3SOY_A,85,Y,H
3SOY_A,86,G,H
3SOY_A,87,N,H
3SOY_A,88,A,H
3SOY_A,89,A,H
3SOY_A,90,V,H
3SOY_A,91,A,H
3SOY_A,92,E,H
3SOY_A,93,F,H
3SOY_A,94,D,H
3SOY_A,95,W,H
3SOY_A,96,H,H
3SOY_A,97,F,H
3SOY_A,98,T,H
3SOY_A,99,A,H
3SOY_A,100,V,H
3SOY_A,101,R,H
3SOY_A,102,R,H
3SOY_A,103,D,C
3SOY_A,104,N,C
3SOY_A,105,G,C
3SOY_A,106,Q,C
3SOY_A,107,T,C
3SOY_A,108,Q,C
3SOY_A,109,H,C
3SOY_A,110,T,C
3SOY_A,111,T,C
3SOY_A,112,G,C
3SOY_A,113,R,C
3SOY_A,114,E,C
3SOY_A,115,S,C
3SOY_A,116,Q,E
3SOY_A,117,V,E
3SOY_A,118,W,E
3SOY_A,119,A,E
3SOY_A,120,K,C
3SOY_A,121,I,C
3SOY_A,122,P,C
3SOY_A,123,N,C
3SOY_A,124,T,C
3SOY_A,125,G,C
3SOY_A,126,W,C
3SOY_A,127,R,E
3SOY_A,128,I,E
3SOY_A,129,V,E
3SOY_A,130,H,E
3SOY_A,131,V,E
3SOY_A,132,H,E
3SOY_A,133,Y,E
3SOY_A,134,S,E
3SOY_A,135,G,C
3SOY_A,136,P,C
3SOY_A,137,A,C
3SOY_A,138,K,C
3SOY_A,139,T,C
3SOY_A,140,G,C
3SOY_A,141,V,C
3SOY_A,142,G,C
3SOY_A,143,E,C
3SOY_A,144,G,C
3SOY_A,145,Y,C
4FHR_B,1,G,C
4FHR_B,2,H,C
4FHR_B,3,M,C
4FHR_B,4,D,C
4FHR_B,5,P,C
4FHR_B,6,V,H
4FHR_B,7,Q,H
4FHR_B,8,L,H
4FHR_B,9,V,H
4FHR_B,10,N,H
4FHR_B,11,F,H
4FHR_B,12,L,H
4FHR_B,13,Q,C
4FHR_B,14,S,C
4FHR_B,15,E,C
4FHR_B,16,H,C
4FHR_B,17,P,C
4FHR_B,18,Q,C
4FHR_B,19,T,E
4FHR_B,20,I,E
4FHR_B,21,A,E
4FHR_B,22,V,E
4FHR_B,23,V,E
4FHR_B,24,L,E
4FHR_B,25,S,E
4FHR_B,26,Y,E
4FHR_B,27,L,E
4FHR_B,28,D,C
4FHR_B,29,P,C
4FHR_B,30,P,C
4FHR_B,31,V,C
4FHR_B,32,A,C
4FHR_B,33,A,C
4FHR_B,34,Q,C
4FHR_B,35,I,C
4FHR_B,36,L,C
4FHR_B,37,G,C
4FHR_B,38,A,C
4FHR_B,39,L,C
4FHR_B,40,P,C
4FHR_B,41,E,C
4FHR_B,42,E,H
4FHR_B,43,L,H
4FHR_B,44,Q,H
4FHR_B,45,T,H
4FHR_B,46,E,H
4FHR_B,47,V,H
4FHR_B,48,L,H
4FHR_B,49,K,H
4FHR_B,50,R,H
4FHR_B,51,I,H
4FHR_B,52,A,H
4FHR_B,53,L,H
4FHR_B,54,L,H
4FHR_B,55,E,H
4FHR_B,56,R,C
4FHR_B,57,T,C
4FHR_B,58,S,C
4FHR_B,59,P,H
4FHR_B,60,E,H
4FHR_B,61,V,H
4FHR_B,62,V,H
4FHR_B,63,K,H
4FHR_B,64,E,H
4FHR_B,65,I,H
4FHR_B,66,E,H
4FHR_B,67,R,H
4FHR_B,68,N,H
4FHR_B,69,L,H
4FHR_B,70,E,H
4FHR_B,71,K,H
4FHR_B,72,K,H
4FHR_B,73,I,H
4FHR_B,74,S,H
4FHR_B,75,G,H
4FHR_B,76,F,H
4FHR_B,77,V,H
4FHR_B,78,S,H
4FHR_B,79,R,H
4FHR_B,80,T,C
4FHR_B,81,F,C
4FHR_B,82,S,C
4FHR_B,83,K,C
4FHR_B,84,V,C
4FHR_B,85,G,C
4FHR_B,86,G,C
4FHR_B,87,I,C
4FHR_B,88,D,H
4FHR_B,89,T,H
4FHR_B,90,A,H
4FHR_B,91,A,H
4FHR_B,92,E,H
4FHR_B,93,I,C
4FHR_B,94,M,C
4FHR_B,95,N,C
4FHR_B,96,N,C
4FHR_B,97,L,C
4FHR_B,98,D,C
4FHR_B,99,R,C
4FHR_B,100,T,C
4FHR_B,101,T,H
4FHR_B,102,E,H
4FHR_B,103,K,H
4FHR_B,104,K,H
4FHR_B,105,I,H
4FHR_B,106,M,H
4FHR_B,107,D,H
4FHR_B,108,K,H
4FHR_B,109,L,H
4FHR_B,110,V,H
4FHR_B,111,Q,H
4FHR_B,112,E,H
4FHR_B,113,N,H
4FHR_B,114,P,H
4FHR_B,115,E,H
4FHR_B,116,L,H
4FHR_B,117,A,H
4FHR_B,118,D,H
4FHR_B,119,E,H
4FHR_B,120,I,H
4FHR_B,121,R,H
4FHR_B,122,R,H
4FHR_B,123,R,H
4FHR_B,124,M,H
4FHR_B,125,F,H
4FHR_B,126,V,H
4FHR_B,127,F,H
4FHR_B,128,E,H
4FHR_B,129,D,H
4FHR_B,130,I,H
4FHR_B,131,L,H
4FHR_B,132,K,H
4FHR_B,133,L,H
4FHR_B,134,D,H
4FHR_B,135,D,H
4FHR_B,136,R,H
4FHR_B,137,S,H
4FHR_B,138,I,H
4FHR_B,139,Q,H
4FHR_B,140,L,H
4FHR_B,141,V,H
4FHR_B,142,L,H
4FHR_B,143,R,H
4FHR_B,144,E,H
4FHR_B,145,V,H
4FHR_B,146,D,H
4FHR_B,147,T,H
4FHR_B,148,R,H
4FHR_B,149,D,H
4FHR_B,150,L,H
4FHR_B,151,A,H
4FHR_B,152,L,H
4FHR_B,153,A,H
4FHR_B,154,L,H
4FHR_B,155,K,H
4FHR_B,156,G,C
4FHR_B,157,A,C
4FHR_B,158,S,C
4FHR_B,159,D,H
4FHR_B,160,E,H
4FHR_B,161,L,H
4FHR_B,162,K,H
4FHR_B,163,E,H
4FHR_B,164,K,H
4FHR_B,165,I,H
4FHR_B,166,F,H
4FHR_B,167,K,H
4FHR_B,168,N,H
4FHR_B,169,M,H
4FHR_B,170,S,H
4FHR_B,171,K,H
4FHR_B,172,R,H
4FHR_B,173,A,H
4FHR_B,174,A,H
4FHR_B,175,A,H
4FHR_B,176,L,H
4FHR_B,177,L,H
4FHR_B,178,K,H
4FHR_B,179,D,H
4FHR_B,180,E,H
4FHR_B,181,L,H
4FHR_B,182,E,H
4FHR_B,183,Y,H
4FHR_B,184,M,H
4FHR_B,185,G,H
4FHR_B,186,P,H
4FHR_B,187,V,H
4FHR_B,188,R,H
4FHR_B,189,L,H
2QSK_A,1,G,C
2QSK_A,2,S,C
2QSK_A,3,G,C
2QSK_A,4,P,C
2QSK_A,5,T,C
2QSK_A,6,Y,C
2QSK_A,7,C,C
2QSK_A,8,W,C
2QSK_A,9,N,C
2QSK_A,10,E,C
2QSK_A,11,A,C
2QSK_A,12,N,C
2QSK_A,13,N,C
2QSK_A,14,P,C
2QSK_A,15,G,C
2QSK_A,16,G,C
2QSK_A,17,P,C
2QSK_A,18,N,C
2QSK_A,19,R,C
2QSK_A,20,C,C
2QSK_A,21,S,C
2QSK_A,22,N,C
2QSK_A,23,N,C
2QSK_A,24,K,E
2QSK_A,25,Q,E
2QSK_A,26,C,E
2QSK_A,27,D,C
2QSK_A,28,G,C
2QSK_A,29,A,C
2QSK_A,30,R,C
2QSK_A,31,T,C
2QSK_A,32,C,C
2QSK_A,33,S,C
2QSK_A,34,S,C
2QSK_A,35,S,C
2QSK_A,36,G,C
2QSK_A,37,F,E
2QSK_A,38,C,E
2QSK_A,39,Q,E
2QSK_A,40,G,C
2QSK_A,41,T,C
2QSK_A,42,S,C
2QSK_A,43,R,C
2QSK_A,44,K,C
2QSK_A,45,P,C
2QSK_A,46,D,C
2QSK_A,47,P,C
2QSK_A,48,G,C
2QSK_A,49,P,C
2QSK_A,50,K,C
2QSK_A,51,G,C
2QSK_A,52,P,C
2QSK_A,53,T,C
2QSK_A,54,Y,C
2QSK_A,55,C,C
2QSK_A,56,W,C
2QSK_A,57,D,C
2QSK_A,58,E,C
2QSK_A,59,A,C
2QSK_A,60,K,C
2QSK_A,61,N,C
2QSK_A,62,P,C
2QSK_A,63,G,C
2QSK_A,64,G,C
2QSK_A,65,P,C
2QSK_A,66,N,C
2QSK_A,67,R,C
2QSK_A,68,C,C
2QSK_A,69,S,C
2QSK_A,70,N,C
2QSK_A,71,S,C
2QSK_A,72,K,E
2QSK_A,73,Q,E
2QSK_A,74,C,E
2QSK_A,75,D,C
2QSK_A,76,G,C
2QSK_A,77,A,C
2QSK_A,78,R,E
2QSK_A,79,T,E
2QSK_A,80,C,E
2QSK_A,81,S,E
2QSK_A,82,S,C
2QSK_A,83,S,C
2QSK_A,84,G,C
2QSK_A,85,F,E
2QSK_A,86,C,E
2QSK_A,87,Q,E
2QSK_A,88,G,C
2QSK_A,89,T,C
2QSK_A,90,A,C
2QSK_A,91,G,C
2QSK_A,92,H,C
2QSK_A,93,A,C
2QSK_A,94,A,C
2QSK_A,95,A,C
5EPE_A,1,M,C
5EPE_A,2,D,C
5EPE_A,3,I,C
5EPE_A,4,P,C
5EPE_A,5,R,C
5EPE_A,6,I,C
5EPE_A,7,F,C
5EPE_A,8,N,C
5EPE_A,9,I,C
5EPE_A,10,T,C
5EPE_A,11,E,C
5EPE_A,12,S,C
5EPE_A,13,A,C
5EPE_A,14,H,C
5EPE_A,15,R,C
5EPE_A,16,I,C
5EPE_A,17,H,C
5EPE_A,18,N,C
5EPE_A,19,P,C
5EPE_A,20,F,C
5EPE_A,21,T,C
5EPE_A,22,P,H
5EPE_A,23,E,H
5EPE_A,24,K,H
5EPE_A,25,L,H
5EPE_A,26,A,H
5EPE_A,27,T,H
5EPE_A,28,L,H
5EPE_A,29,G,H
5EPE_A,30,A,H
5EPE_A,31,A,H
5EPE_A,32,L,H
5EPE_A,33,R,H
5EPE_A,34,L,H
5EPE_A,35,E,H
5EPE_A,36,A,H
5EPE_A,37,G,C
5EPE_A,38,A,C
5EPE_A,39,R,C
5EPE_A,40,V,C
5EPE_A,41,L,H
5EPE_A,42,D,H
5EPE_A,43,L,H
5EPE_A,44,G,C
5EPE_A,45,S,C
5EPE_A,46,G,C
5EPE_A,47,S,C
5EPE_A,48,G,C
5EPE_A,49,E,C
5EPE_A,50,M,C
5EPE_A,51,L,C
5EPE_A,52,C,C
5EPE_A,53,T,H
5EPE_A,54,W,H
5EPE_A,55,A,H
5EPE_A,56,R,H
5EPE_A,57,D,H
5EPE_A,58,H,H
5EPE_A,59,G,H
5EPE_A,60,I,H
5EPE_A,61,V,H
5EPE_A,62,G,C
5EPE_A,63,T,C
5EPE_A,64,G,C
5EPE_A,65,I,C
5EPE_A,66,D,C
5EPE_A,67,L,C
5EPE_A,68,S,C
5EPE_A,69,Q,H
5EPE_A,70,L,H
5EPE_A,71,F,H
5EPE_A,72,T,H
5EPE_A,73,E,H
5EPE_A,74,Q,H
5EPE_A,75,A,H
5EPE_A,76,K,H
5EPE_A,77,R,H
5EPE_A,78,R,H
5EPE_A,79,A,H
5EPE_A,80,E,H
5EPE_A,81,A,H
5EPE_A,82,L,H
5EPE_A,83,G,H
5EPE_A,84,V,H
5EPE_A,85,A,H
5EPE_A,86,G,H
5EPE_A,87,Q,H
5EPE_A,88,V,H
5EPE_A,89,K,H
5EPE_A,90,F,H
5EPE_A,91,I,H
5EPE_A,92,H,H
5EPE_A,93,G,H
5EPE_A,94,D,H
5EPE_A,95,A,H
5EPE_A,96,A,H
5EPE_A,97,G,C
5EPE_A,98,Y,C
5EPE_A,99,V,C
5EPE_A,100,S,C
5EPE_A,101,D,H
5EPE_A,102,E,H
5EPE_A,103,K,H
5EPE_A,104,V,H
5EPE_A,105,D,H
5EPE_A,106,V,H
5EPE_A,107,A,H
5EPE_A,108,A,H
5EPE_A,109,C,H
5EPE_A,110,V,H
5EPE_A,111,G,H
5EPE_A,112,A,H
5EPE_A,113,S,H
5EPE_A,114,W,H
5EPE_A,115,I,C
5EPE_A,116,A,C
5EPE_A,117,G,C
5EPE_A,118,G,C
5EPE_A,119,V,C
5EPE_A,120,A,C
5EPE_A,121,G,C
5EPE_A,122,T,C
5EPE_A,123,I,C
5EPE_A,124,T,H
5EPE_A,125,L,H
5EPE_A,126,L,H
5EPE_A,127,A,H
5EPE_A,128,Q,H
5EPE_A,129,S,C
5EPE_A,130,L,C
5EPE_A,131,E,C
5EPE_A,132,P,C
5EPE_A,133,G,C
5EPE_A,134,G,C
5EPE_A,135,I,E
5EPE_A,136,I,E
5EPE_A,137,L,E
5EPE_A,138,M,E
5EPE_A,139,G,C
5EPE_A,140,E,C
5EPE_A,141,P,C
5EPE_A,142,F,C
5EPE_A,143,W,C
5EPE_A,144,R,C
5EPE_A,145,K,C
5EPE_A,146,L,C
5EPE_A,147,P,C
5EPE_A,148,T,H
5EPE_A,149,T,H
5EPE_A,150,E,H
5EPE_A,151,A,H
5EPE_A,152,V,H
5EPE_A,153,A,H
5EPE_A,154,K,H
5EPE_A,155,A,H
5EPE_A,156,C,H
5EPE_A,157,H,H
5EPE_A,158,A,H
5EPE_A,159,N,C
5EPE_A,160,T,C
5EPE_A,161,I,C
5EPE_A,162,S,C
5EPE_A,163,D,C
5EPE_A,164,F,C
5EPE_A,165,L,C
5EPE_A,166,L,H
5EPE_A,167,L,H
5EPE_A,168,P,H
5EPE_A,169,E,H
5EPE_A,170,F,H
5EPE_A,171,L,H
5EPE_A,172,A,H
5EPE_A,173,S,H
5EPE_A,174,F,H
5EPE_A,175,R,H
5EPE_A,176,K,H
5EPE_A,177,L,H
5EPE_A,178,G,H
5EPE_A,179,Y,H
5EPE_A,180,D,H
5EPE_A,181,V,H
5EPE_A,182,V,H
5EPE_A,183,E,H
5EPE_A,184,M,H
5EPE_A,185,V,H
5EPE_A,186,L,C
5EPE_A,187,A,C
5EPE_A,188,D,C
5EPE_A,189,Q,C
5EPE_A,190,D,C
5EPE_A,191,S,C
5EPE_A,192,W,H
5EPE_A,193,D,H
5EPE_A,194,R,H
5EPE_A,195,Y,H
5EPE_A,196,E,H
5EPE_A,197,A,H
5EPE_A,198,A,H
5EPE_A,199,K,H
5EPE_A,200,W,H
5EPE_A,201,L,H
5EPE_A,202,T,H
5EPE_A,203,M,H
5EPE_A,204,R,H
5EPE_A,205,R,H
5EPE_A,206,W,C
5EPE_A,207,L,C
5EPE_A,208,D,C
5EPE_A,209,A,C
5EPE_A,210,N,C
5EPE_A,211,P,C
5EPE_A,212,E,C
5EPE_A,213,D,H
5EPE_A,214,E,H
5EPE_A,215,L,H
5EPE_A,216,A,H
5EPE_A,217,E,H
5EPE_A,218,E,H
5EPE_A,219,V,H
5EPE_A,220,R,H
5EPE_A,221,A,H
5EPE_A,222,Q,H
5EPE_A,223,L,H
5EPE_A,224,S,C
5EPE_A,225,S,C
5EPE_A,226,E,C
5EPE_A,227,P,C
5EPE_A,228,E,C
5EPE_A,229,R,C
5EPE_A,230,Y,H
5EPE_A,231,A,H
5EPE_A,232,T,H
5EPE_A,233,N,H
5EPE_A,234,T,H
5EPE_A,235,R,H
5EPE_A,236,E,H
5EPE_A,237,Y,H
5EPE_A,238,L,H
5EPE_A,239,G,H
5EPE_A,240,W,H
5EPE_A,241,G,H
5EPE_A,242,V,H
5EPE_A,243,F,H
5EPE_A,244,A,H
5EPE_A,245,L,H
5EPE_A,246,M,H
5EPE_A,247,A,H
5EPE_A,248,R,H
5FCE_B,1,N,C
5FCE_B,2,E,C
5FCE_B,3,N,C
5FCE_B,4,L,C
5FCE_B,5,S,C
5FCE_B,6,F,C
5FCE_B,7,T,E
5FCE_B,8,V,E
5FCE_B,9,K,E
5FCE_B,10,T,E
5FCE_B,11,D,E
5FCE_B,12,R,E
5FCE_B,13,I,E
5FCE_B,14,V,E
5FCE_B,15,Y,E
5FCE_B,16,D,E
5FCE_B,17,M,C
5FCE_B,18,T,C
5FCE_B,19,Q,C
5FCE_B,20,Q,E
5FCE_B,21,V,E
5FCE_B,22,I,E
5FCE_B,23,T,E
5FCE_B,24,I,E
5FCE_B,25,P,E
5FCE_B,26,V,E
5FCE_B,27,K,C
5FCE_B,28,P,C
5FCE_B,29,N,C
5FCE_B,30,K,C
5FCE_B,31,S,C
5FCE_B,32,V,C
5FCE_B,33,N,C
5FCE_B,34,A,C
5FCE_B,35,S,C
5FCE_B,36,D,C
5FCE_B,37,V,E
5FCE_B,38,H,E
5FCE_B,39,A,E
5FCE_B,40,V,E
5FCE_B,41,L,E
5FCE_B,42,T,E
5FCE_B,43,Y,E
5FCE_B,44,G,E
5FCE_B,45,W,E
5FCE_B,46,D,C
5FCE_B,47,G,C
5FCE_B,48,N,C
5FCE_B,49,G,C
5FCE_B,50,S,C
5FCE_B,51,S,C
5FCE_B,52,E,C
5FCE_B,53,K,E
5FCE_B,54,V,E
5FCE_B,55,I,E
5FCE_B,56,G,E
5FCE_B,57,E,E
5FCE_B,58,V,E
5FCE_B,59,Y,E
5FCE_B,60,L,E
5FCE_B,61,K,E
5FCE_B,62,D,H
5FCE_B,63,V,H
5FCE_B,64,Q,H
5FCE_B,65,W,H
5FCE_B,66,T,H
5FCE_B,67,A,H
5FCE_B,68,G,H
5FCE_B,69,I,H
5FCE_B,70,E,H
5FCE_B,71,Y,H
5FCE_B,72,T,H
5FCE_B,73,I,H
5FCE_B,74,M,H
5FCE_B,75,I,H
5FCE_B,76,S,H
5FCE_B,77,A,C
5FCE_B,78,E,C
5FCE_B,79,L,C
5FCE_B,80,S,C
5FCE_B,81,I,H
5FCE_B,82,D,H
5FCE_B,83,E,H
5FCE_B,84,I,H
5FCE_B,85,K,H
5FCE_B,86,S,H
5FCE_B,87,K,H
5FCE_B,88,D,H
5FCE_B,89,K,H
5FCE_B,90,V,H
5FCE_B,91,D,H
5FCE_B,92,L,H
5FCE_B,93,I,H
5FCE_B,94,V,H
5FCE_B,95,F,H
5FCE_B,96,Y,H
5FCE_B,97,D,C
5FCE_B,98,G,C
5FCE_B,99,Q,C
5FCE_B,100,M,C
5FCE_B,101,T,C
5FCE_B,102,I,C
5FCE_B,103,T,C
5FCE_B,104,E,C
5FCE_B,105,N,C
5FCE_B,106,L,C
5FCE_B,107,K,C
5FCE_B,108,P,C
5FCE_B,109,S,C
5FCE_B,110,S,C
5FCE_B,111,W,E
5FCE_B,112,T,E
5FCE_B,113,V,E
5FCE_B,114,V,E
5FCE_B,115,G,E
5FCE_B,116,P,E
